{"1": {"Directionality": null, "Component-type": null, "Storey": null, "edp": "psd", "edp_range": [1e-20, 0.001, 0.002, 0.003, 0.004, 0.005, 0.006, 0.007, 0.008, 0.009000000000000001, 0.01, 0.011, 0.012, 0.013000000000000001, 0.014, 0.015, 0.016, 0.017, 0.018000000000000002, 0.019, 0.02, 0.021, 0.022, 0.023, 0.024, 0.025, 0.026000000000000002, 0.027, 0.028, 0.029, 0.03, 0.031, 0.032, 0.033, 0.034, 0.035, 0.036000000000000004, 0.037, 0.038, 0.039, 0.04, 0.041, 0.042, 0.043000000000000003, 0.044, 0.045, 0.046, 0.047, 0.048, 0.049, 0.05, 0.051000000000000004, 0.052000000000000005, 0.053, 0.054, 0.055, 0.056, 0.057, 0.058, 0.059000000000000004, 0.06, 0.061, 0.062, 0.063, 0.064, 0.065, 0.066, 0.067, 0.068, 0.069, 0.07, 0.07100000000000001, 0.07200000000000001, 0.073, 0.074, 0.075, 0.076, 0.077, 0.078, 0.079, 0.08, 0.081, 0.082, 0.083, 0.084, 0.085, 0.08600000000000001, 0.08700000000000001, 0.088, 0.089, 0.09, 0.091, 0.092, 0.093, 0.094, 0.095, 0.096, 0.097, 0.098, 0.099, 0.1, 0.101, 0.10200000000000001, 0.10300000000000001, 0.10400000000000001, 0.105, 0.106, 0.107, 0.108, 0.109, 0.11, 0.111, 0.112, 0.113, 0.114, 0.115, 0.116, 0.117, 0.11800000000000001, 0.11900000000000001, 0.12, 0.121, 0.122, 0.123, 0.124, 0.125, 0.126, 0.127, 0.128, 0.129, 0.13, 0.131, 0.132, 0.133, 0.134, 0.135, 0.136, 0.137, 0.138, 0.139, 0.14, 0.14100000000000001, 0.14200000000000002, 0.14300000000000002, 0.14400000000000002, 0.145, 0.146, 0.147, 0.148, 0.149, 0.15, 0.151, 0.152, 0.153, 0.154, 0.155, 0.156, 0.157, 0.158, 0.159, 0.16, 0.161, 0.162, 0.163, 0.164, 0.165, 0.166, 0.167, 0.168, 0.169, 0.17, 0.171, 0.17200000000000001, 0.17300000000000001, 0.17400000000000002, 0.17500000000000002, 0.176, 0.177, 0.178, 0.179, 0.18, 0.181, 0.182, 0.183, 0.184, 0.185, 0.186, 0.187, 0.188, 0.189, 0.19, 0.191, 0.192, 0.193, 0.194, 0.195, 0.196, 0.197, 0.198, 0.199, 0.2], "slf": [0.0, 21222.572778042646, 43384.644032510594, 64861.45951086449, 85302.07562497759, 104577.72806849037, 122649.31083221713, 139522.69311599326, 155228.590894367, 169811.94951942275, 183325.768989455, 195827.27862964047, 207375.46865113065, 218029.45791321155, 227847.40274530713, 236885.76898240778, 245198.85465143618, 252838.48916372383, 259853.8585550762, 266291.42150623485, 272194.8909530754, 277605.2629753558, 282560.8794674522, 287097.51453651505, 291248.47707944043, 295044.72384308523, 298514.9786605139, 301685.85460775066, 304581.97662940074, 307226.102800433, 309639.2428705838, 311840.77311026526, 313848.5467669856, 315678.9996674606, 317347.2506767242, 318867.1968623029, 320251.60331715323, 321512.18767601065, 322659.699421125, 323703.9941190541, 324654.1027634428, 325518.29642206285, 326304.1464018762, 327018.5801551418, 327667.93315394793, 328257.9969610779, 328794.0637226806, 329280.96730351174, 329723.1212791105, 330124.5539916295, 330488.9408675231, 330819.6341862012, 331119.690479327, 331391.89573085314, 331638.78853830555, 331862.6813863525, 332065.6801744299, 332249.7021311939, 332416.4922398955, 332567.63829044905, 332704.5846660214, 332828.6449644182, 332941.01354738843, 333042.77610421664, 333134.9193096096, 333218.33964991476, 333293.85148610466, 333362.19441673154, 333424.0399991659, 333479.9978828772, 333530.62140427955, 333576.41268872435, 333617.827301566, 333655.27848684305, 333689.14102897554, 333719.7547699822, 333747.4278120386, 333772.4394327237, 333795.0427380199, 333815.4670760276, 333833.92023242055, 333850.5904268818, 333865.64812812634, 333879.2477036043, 333891.5289186005, 333902.61829817237, 333912.6303642047, 333921.6687587927, 333929.82726418384, 333937.19072861364, 333943.83590654994, 333949.8322211078, 333955.2424557114, 333960.12338145066, 333964.52632600494, 333968.49768948375, 333972.07941205346, 333975.30939778214, 333978.22189873643, 333980.8478629984, 333983.2152499399, 333985.3493157884, 333987.27287224244, 333989.0065206425, 333990.5688639764, 333991.9766987866, 333993.2451888601, 333994.38802240574, 333995.417554269, 333996.34493459016, 333997.180225181, 333997.93250477896, 333998.6099642275, 333999.2199925363, 333999.7692546842, 334000.26376194804, 334000.708935467, 334001.1096636868, 334001.47035426454, 334001.7949809649, 334002.0871260232, 334002.35001841147, 334002.5865683975, 334002.7993987541, 334002.99087293795, 334003.1631205319, 334003.3180602108, 334003.4574204731, 334003.58275834995, 334003.6954762902, 334003.7968373954, 334003.8879791661, 334003.9699259024, 334004.0435998897, 334004.1098314887, 334004.16936823394, 334004.2228830394, 334004.2709815968, 334004.3142090462, 334004.3530559894, 334004.38796391065, 334004.41933006165, 334004.4475118656, 334004.4728308844, 334004.49557639443, 334004.51600860787, 334004.5343615746, 334004.5508457966, 334004.5656505831, 334004.5789461708, 334004.5908856345, 334004.6016066067, 334004.6112328265, 334004.6198755339, 334004.6276347252, 334004.6346002829, 334004.6408529927, 334004.64646545966, 334004.65150293114, 334004.65602403897, 334004.6600814664, 334004.6637225482, 334004.6669898109, 334004.6699214586, 334004.67255180987, 334004.67491169105, 334004.6770287897, 334004.6789279724, 334004.680631571, 334004.6821596393, 334004.68353018485, 334004.684759376, 334004.6858617293, 334004.68685027736, 334004.6877367197, 334004.6885315583, 334004.6892442201, 334004.689883166, 334004.69045598974, 334004.690969506, 334004.6914298303, 334004.69184245024, 334004.69221228984, 334004.6925437668, 334004.69284084474, 334004.6931070793, 334004.69334566034, 334004.69355944893, 334004.6937510115, 334004.69392264995, 334004.6940764286, 334004.6942141988, 334004.6943376208, 334004.6944481833, 334004.6945472212, 334004.6946359313, 334004.69471538666, 334004.69478654925, 334004.6948502814, 334004.6949073563, 334004.6949584667], "error_max": 7.516920399373711, "error_cum": 0.24510830431820385}, "2": {"Directionality": null, "Component-type": null, "Storey": null, "edp": "psd", "edp_range": [1e-20, 0.001, 0.002, 0.003, 0.004, 0.005, 0.006, 0.007, 0.008, 0.009000000000000001, 0.01, 0.011, 0.012, 0.013000000000000001, 0.014, 0.015, 0.016, 0.017, 0.018000000000000002, 0.019, 0.02, 0.021, 0.022, 0.023, 0.024, 0.025, 0.026000000000000002, 0.027, 0.028, 0.029, 0.03, 0.031, 0.032, 0.033, 0.034, 0.035, 0.036000000000000004, 0.037, 0.038, 0.039, 0.04, 0.041, 0.042, 0.043000000000000003, 0.044, 0.045, 0.046, 0.047, 0.048, 0.049, 0.05, 0.051000000000000004, 0.052000000000000005, 0.053, 0.054, 0.055, 0.056, 0.057, 0.058, 0.059000000000000004, 0.06, 0.061, 0.062, 0.063, 0.064, 0.065, 0.066, 0.067, 0.068, 0.069, 0.07, 0.07100000000000001, 0.07200000000000001, 0.073, 0.074, 0.075, 0.076, 0.077, 0.078, 0.079, 0.08, 0.081, 0.082, 0.083, 0.084, 0.085, 0.08600000000000001, 0.08700000000000001, 0.088, 0.089, 0.09, 0.091, 0.092, 0.093, 0.094, 0.095, 0.096, 0.097, 0.098, 0.099, 0.1, 0.101, 0.10200000000000001, 0.10300000000000001, 0.10400000000000001, 0.105, 0.106, 0.107, 0.108, 0.109, 0.11, 0.111, 0.112, 0.113, 0.114, 0.115, 0.116, 0.117, 0.11800000000000001, 0.11900000000000001, 0.12, 0.121, 0.122, 0.123, 0.124, 0.125, 0.126, 0.127, 0.128, 0.129, 0.13, 0.131, 0.132, 0.133, 0.134, 0.135, 0.136, 0.137, 0.138, 0.139, 0.14, 0.14100000000000001, 0.14200000000000002, 0.14300000000000002, 0.14400000000000002, 0.145, 0.146, 0.147, 0.148, 0.149, 0.15, 0.151, 0.152, 0.153, 0.154, 0.155, 0.156, 0.157, 0.158, 0.159, 0.16, 0.161, 0.162, 0.163, 0.164, 0.165, 0.166, 0.167, 0.168, 0.169, 0.17, 0.171, 0.17200000000000001, 0.17300000000000001, 0.17400000000000002, 0.17500000000000002, 0.176, 0.177, 0.178, 0.179, 0.18, 0.181, 0.182, 0.183, 0.184, 0.185, 0.186, 0.187, 0.188, 0.189, 0.19, 0.191, 0.192, 0.193, 0.194, 0.195, 0.196, 0.197, 0.198, 0.199, 0.2],