{"1": {"Directionality": null, "Component-type": null, "Storey": null, "edp": "psd", "edp_range": [1e-20, 0.001, 0.002, 0.003, 0.004, 0.005, 0.006, 0.007, 0.008, 0.009000000000000001, 0.01, 0.011, 0.012, 0.013000000000000001, 0.014, 0.015, 0.016, 0.017, 0.018000000000000002, 0.019, 0.02, 0.021, 0.022, 0.023, 0.024, 0.025, 0.026000000000000002, 0.027, 0.028, 0.029, 0.03, 0.031, 0.032, 0.033, 0.034, 0.035, 0.036000000000000004, 0.037, 0.038, 0.039, 0.04, 0.041, 0.042, 0.043000000000000003, 0.044, 0.045, 0.046, 0.047, 0.048, 0.049, 0.05, 0.051000000000000004, 0.052000000000000005, 0.053, 0.054, 0.055, 0.056, 0.057, 0.058, 0.059000000000000004, 0.06, 0.061, 0.062, 0.063, 0.064, 0.065, 0.066, 0.067, 0.068, 0.069, 0.07, 0.07100000000000001, 0.07200000000000001, 0.073, 0.074, 0.075, 0.076, 0.077, 0.078, 0.079, 0.08, 0.081, 0.082, 0.083, 0.084, 0.085, 0.08600000000000001, 0.08700000000000001, 0.088, 0.089, 0.09, 0.091, 0.092, 0.093, 0.094, 0.095, 0.096, 0.097, 0.098, 0.099, 0.1, 0.101, 0.10200000000000001, 0.10300000000000001, 0.10400000000000001, 0.105, 0.106, 0.107, 0.108, 0.109, 0.11, 0.111, 0.112, 0.113, 0.114, 0.115, 0.116, 0.117, 0.11800000000000001, 0.11900000000000001, 0.12, 0.121, 0.122, 0.123, 0.124, 0.125, 0.126, 0.127, 0.128, 0.129, 0.13, 0.131, 0.132, 0.133, 0.134, 0.135, 0.136, 0.137, 0.138, 0.139, 0.14, 0.14100000000000001, 0.14200000000000002, 0.14300000000000002, 0.14400000000000002, 0.145, 0.146, 0.147, 0.148, 0.149, 0.15, 0.151, 0.152, 0.153, 0.154, 0.155, 0.156, 0.157, 0.158, 0.159, 0.16, 0.161, 0.162, 0.163, 0.164, 0.165, 0.166, 0.167, 0.168, 0.169, 0.17, 0.171, 0.17200000000000001, 0.17300000000000001, 0.17400000000000002, 0.17500000000000002, 0.176, 0.177, 0.178, 0.179, 0.18, 0.181, 0.182, 0.183, 0.184, 0.185, 0.186, 0.187, 0.188, 0.189, 0.19, 0.191, 0.192, 0.193, 0.194, 0.195, 0.196, 0.197, 0.198, 0.199, 0.2], "slf": [0.0, 20963.484779977796, 43178.15773679986, 64820.88604546877, 85480.27473544577, 104995.74661011268, 123309.23918787552, 140414.85486486543, 156336.02386896865, 171113.37007720085, 184797.5983882873, 197445.05021781463, 209114.80777540818, 219866.7579912359, 229760.28095095253, 238853.36010986223, 247201.98544196782, 254859.76427985076, 261877.68156472064, 268303.96857617935, 274184.0507606187, 279560.5531919474, 284473.3477594908, 288959.63016996067, 293054.01776913664, 296788.6613564775, 300193.3657969951, 303295.71547573584, 306121.2015930174, 308693.34903540893, 311033.8411304616, 313162.64104058925, 315098.10890166863, 316857.114086233, 318455.1421858588, 319906.3964750061, 321223.89374889823, 322419.5545286213, 323504.2877035017, 324488.06973873667, 325380.0186190203, 326188.4627295638, 326921.0048969201, 327584.58182535926, 328185.5191718113, 328729.58250489895, 329222.02439237083, 329667.62785718177, 330070.7464362376, 330435.34106799326, 330765.01402612095, 331063.04010671086, 331332.39526623016, 331575.7828969789, 331795.6579162254, 331994.24883473286, 332173.5779601069, 332335.47988038976, 332481.61836366844, 332613.5018001865, 332732.4973045951, 332839.8435875579, 332936.6626979548, 333023.9707294009, 333102.6875777265, 333173.64582941536, 333237.5988547906, 333295.2281739258, 333347.1501578549, 333393.9221226171, 333436.04786900093, 333473.9827165141, 333508.1380760943, 333538.88560236065, 333566.56096277706, 333591.46725793596, 333613.87812425214, 333634.04054767406, 333652.17741454765, 333668.4898235004, 333683.15918012516, 333696.3490943359, 333708.20709850814, 333718.8662029143, 333728.44630349195, 333737.05545563623, 333744.791026477, 333751.7407369775, 333757.98360416276, 333763.5907928487, 333768.62638538587, 333773.14807715424, 333777.2078048295, 333780.8523137994, 333784.1236705106, 333787.0597249985, 333789.6945283544, 333792.0587094467, 333794.1798148054, 333796.0826152118, 333797.7893822021, 333799.3201373918, 333800.6928772489, 333801.9237756984, 333803.0273667108, 333804.01670882414, 333804.9035333601, 333805.69837792916, 333806.4107066634, 333807.0490184788, 333807.6209445438, 333808.1333360146, 333808.5923429982, 333809.00348560815, 333809.3717178956, 333809.7014853605, 333809.9967766811, 333810.2611702348, 333810.49787592987, 333810.70977281383, 333810.89944288234, 333811.069201465, 333811.2211245343, 333811.3570732432, 333811.47871597076, 333811.58754812693, 333811.6849099398, 333811.77200243145, 333811.8499017624, 333811.9195721116, 333811.9818772393, 333812.03759086545, 333812.0874059851, 333812.1319432282, 333812.1717583599, 333812.2073490108, 333812.2391607139, 333812.2675923198, 333812.2930008534, 333812.31570586906, 333812.33599335636, 333812.35411924106, 333812.37031252414, 333812.38477809535, 333812.3976992549, 333812.40923997347, 333812.419546917, 333812.4287512615, 333812.43697031826, 333812.4443089897, 333812.4508610744, 333812.4567104345, 333812.4619320421, 333812.46659291565, 333812.47075295885, 333812.47446571133, 333812.4777790208, 333812.4807356443, 333812.483373787, 333812.4857275839, 333812.4878275307, 333812.48970086983, 333812.4913719355, 333812.4928624624, 333812.4941918618, 333812.4953774686, 333812.4964347622, 333812.497377564, 333812.4982182142, 333812.49896772933, 333812.49963594397, 333812.5002316364, 333812.5007626418, 333812.5012359529, 333812.5016578102, 333812.50203378225, 333812.502368838, 333812.50266741065, 333812.50293345546, 333812.5031705007, 333812.50338169385, 333812.5035698422, 333812.5037374497, 333812.5038867494, 333812.5040197326, 333812.50413817517, 333812.5042436603, 333812.50433759973, 333812.50442125194, 333812.50449573895, 333812.5045620609, 333812.50462110917, 333812.5046736783, 333812.50472047646, 333812.5047621346, 333812.50479921506, 333812.5048322189, 333812.50486159266, 333812.504887734, 333812.50491099723, 333812.5049316981], "error_max": 6.561704227563076, "error_cum": 0.24215446822422704}, "2": {"Directionality": null, "Component-type": null, "Storey": null, "edp": "psd", "edp_range": [1e-20, 0.001, 0.002, 0.003, 0.004, 0.005, 0.006, 0.007, 0.008, 0.009000000000000001, 0.01, 0.011, 0.012, 0.013000000000000001, 0.014, 0.015, 0.016, 0.017, 0.018000000000000002, 0.019, 0.02, 0.021, 0.022, 0.023, 0.024, 0.025, 0.026000000000000002, 0.027, 0.028, 0.029, 0.03, 0.031, 0.032, 0.033, 0.034, 0.035, 0.036000000000000004, 0.037, 0.038, 0.039, 0.04, 0.041, 0.042, 0.043000000000000003, 0.044, 0.045, 0.046, 0.047, 0.048, 0.049, 0.05, 0.051000000000000004, 0.052000000000000005, 0.053, 0.054, 0.055, 0.056, 0.057, 0.058, 0.059000000000000004, 0.06, 0.061, 0.062, 0.063, 0.064, 0.065, 0.066, 0.067, 0.068, 0.069, 0.07, 0.07100000000000001, 0.07200000000000001, 0.073, 0.074, 0.075, 0.076, 0.077, 0.078, 0.079, 0.08, 0.081, 0.082, 0.083, 0.084, 0.085, 0.08600000000000001, 0.08700000000000001, 0.088, 0.089, 0.09, 0.091, 0.092, 0.093, 0.094, 0.095, 0.096, 0.097, 0.098, 0.099, 0.1, 0.101, 0.10200000000000001, 0.10300000000000001, 0.10400000000000001, 0.105, 0.106, 0.107, 0.108, 0.109, 0.11, 0.111, 0.112, 0.113, 0.114, 0.115, 0.116, 0.117, 0.11800000000000001, 0.11900000000000001, 0.12, 0.121, 0.122, 0.123, 0.124, 0.125, 0.126, 0.127, 0.128, 0.129, 0.13, 0.131, 0.132, 0.133, 0.134, 0.135, 0.136, 0.137, 0.138, 0.139, 0.14, 0.14100000000000001, 0.14200000000000002, 0.14300000000000002, 0.14400000000000002, 0.145, 0.146, 0.147, 0.148, 0.149, 0.15, 0.151, 0.152, 0.153, 0.154, 0.155, 0.156, 0.157, 0.158, 0.159, 0.16, 0.161, 0.162, 0.163, 0.164, 0.165, 0.166, 0.167, 0.168, 0.169, 0.17, 0.171, 0.17200000000000001, 0.17300000000000001, 0.17400000000000002, 0.17500000000000002, 0.176, 0.177, 0.178, 0.179, 0.18, 0.181, 0.182, 0.183, 0.184, 0.185, 0.186, 0.187, 0.188, 0.189, 0.19, 0.191, 0.192, 0.193, 0.194, 0.195, 0.196, 0.197, 0.198, 0.199, 0.2],